model,fold,n_nodes,r2_U1,r2_U2,r2_U3,r2_S_Mises
4,0,4000,-0.2662509680226752,-8.319023825261697,0.6339610823051558,0.9379107916118752
9,0,4000,0.9551660540673768,-14.009604906647523,-0.9521852248905829,0.8910153126549296
14,0,4000,0.9025119794613129,0.9078732458584504,0.9349668412461108,0.9067421077628336
19,0,4000,0.7037953201717969,0.0816255114440414,0.42609299713113036,0.9192748808844307
24,0,4000,0.7067195601277316,0.5402626063401028,0.5790843746862896,0.9771162164054419
29,0,4000,0.9096876664888075,0.4477780581664662,0.24171494465131504,0.9484449502493018
34,0,4000,0.8529643810763204,-13.557762398965906,-2.7238770769453144,0.9694947955911403
39,0,4000,0.9350968347739022,0.9473004914930537,0.9654393881058039,0.955166264963204
44,0,4000,-4.50588789351616,0.9928688682777888,0.24520706862321784,0.7287696966520163
49,0,4000,0.9684217350985624,0.9113960806925607,0.9253213230569058,0.9615008234715344
54,0,4000,0.8778813627912295,0.8932276927731593,0.9645125452018093,0.85543066258565
59,0,4000,0.9491813646918307,-0.5227478130810637,0.8933733140447535,0.9447404972267399
64,0,4000,0.9333959631384252,-1.1683711820324376,-0.30077179889676064,0.9443358665604916
69,0,4000,0.9716919246624574,0.80233413759626,0.5061665744013413,0.9152912044215687
74,0,4000,0.8253379505527214,-20.578199914083633,-4.367510821732583,0.9288477894755833
79,0,4000,0.9265904901514683,0.9258856649501437,0.9673069777826968,0.909423169263323
84,0,4000,0.942238635297647,0.9590469847349674,0.9486142652571115,0.9674610316659545
89,0,4000,0.8817344719910695,0.8511994938119645,0.8933935463186172,0.9168157958448923
94,0,4000,0.6960777949473715,-15.693709807105211,-9.240042917676037,0.9395024289970788
99,0,4000,0.9375546996762557,0.9288477791980029,0.7315540871997989,0.9778596154164327
104,0,4000,0.8100374699058974,0.9491775606841255,0.8249680340380059,0.9607567944432621
109,0,4000,0.78276048775265,0.1043754928730769,0.8910787162631462,0.9686084694598602
114,0,4000,0.9508062563605136,0.8972613502858549,0.9618847580437314,0.8568371593202263
119,0,4000,0.8871040478963195,0.9507838871438793,0.9306757664453674,0.8984950156615489
125,0,4000,0.869325969704584,0.6714262086928682,0.8082988267173268,0.9488637280756924
130,0,4000,0.8841750720855717,0.7609491023249283,0.7659215697189631,0.8952159594717763
135,0,4000,0.8731814429393505,0.4460483505060927,-0.5050692059163735,0.9619102137608453
141,0,4000,0.8728792657527491,0.7598383451424211,0.5150875386492442,0.778423457324798
146,0,4000,0.3477759726851689,-1.7460299623177513,0.605251624540048,0.961557303815672
151,0,4000,0.9791951356123112,0.9847326855562013,0.8968359295972804,0.7382054046543645
156,0,4000,0.7842756402475867,0.7335461417518163,0.8896345190676536,0.9466246706050371
162,0,4000,0.8341896256013981,0.4264260437588636,0.360699908417099,0.9304423728705464
167,0,4000,0.38174443492154586,0.2264811195792057,0.46430664368982033,0.9222853356722067
173,0,4000,-0.6749599718156671,-0.133975513828678,-2.4597544873130843,0.8895671528783654
178,0,4000,-0.8407718364835046,-0.1656515409658279,0.8653811102379585,0.9152728972947072
183,0,4000,0.9597139408574483,-0.23132914941573857,-1.0421002541239832,0.8916906769204952
188,0,4000,0.8284223114999354,0.514089244965821,0.7521874124869996,0.8806656089502177
193,0,4000,0.9144611676038957,0.9404723183538022,0.9140209704266451,0.9411524664109145
199,0,4000,0.7866881702916242,0.7234983541492328,-0.6447036223785263,0.8148178462473514
204,0,4000,0.881562063584409,0.7897479221169769,0.814280302815613,0.8665186906868831
210,0,4000,0.7240484293841378,0.9721457123868581,0.9596464601667408,0.9507165487356113
215,0,4000,0.8282780497987939,0.8559405150229404,0.5179638040382124,0.9654210497629901
220,0,4000,-13.000274704203736,-10.838735411755529,0.5607980942402437,0.8946264889874752
225,0,4000,-2.6515101605171707,0.7096330273237164,0.43061757194192907,0.7807479214041372
230,0,4000,0.9613847865592573,0.9637364320541364,0.9428599721290871,0.9058157649563527
236,0,4000,0.5529560555183486,0.4442955982264971,0.644874201657448,0.9579385753852482
241,0,4000,0.856310800393227,0.8638843212398037,0.8011036336262429,0.9697286952937637
246,0,4000,0.8063573805875631,0.9245724657585802,0.5375616313805636,0.8659333423459771
251,0,4000,0.9506663727011079,0.880340461731327,0.9102389918855173,0.935222049138764
257,0,4000,0.9137578384725417,0.9030138673364397,0.8090638948984914,0.9480999266198143
263,0,4000,0.9536797179519613,0.9524454357505303,0.8926804785677395,0.9387538104048101
268,0,4000,0.7443069129439956,0.5734803578763932,0.8275247814660591,0.962016971110382
273,0,4000,0.9549387181874404,0.4562473291992126,0.8999388380161701,0.9228885825498587
278,0,4000,0.5911881841658073,0.6328908001759481,0.6383129403082979,0.779921299399417
283,0,4000,0.773464892114204,-41.53191941959968,-29.744848931109455,0.9505572428223003
288,0,4000,0.7662688460083978,0.5060938993817005,0.6818507803330347,0.9517634878791127
293,0,4000,0.7939671383873037,0.9297482158329197,0.6001547531153133,0.9127764216312957
298,0,4000,-1.352193171733485,0.9270903223966189,0.5347656353960399,0.8118169875009573
303,0,4000,-0.5111822434019082,-0.038681419870741474,0.9862591551887373,0.8648870857629202
309,0,4000,0.911479121339481,0.9656108917944846,0.9540369625650825,0.9657210387893496
314,0,4000,-32.981598384806446,0.8035777367421666,-31.819802487658087,0.8385828697739939
319,0,4000,0.8249639715781374,-6.062113417904642,-12.920382906092136,0.8371282060001565
324,0,4000,0.9576159492576859,0.9510860803901521,0.9088659338775716,0.9504737444277352
329,0,4000,0.8274232105522681,0.4872655503078307,0.3930951278497997,0.9343029036510963
334,0,4000,0.7274549962799151,-0.24647638949269735,0.3804371484377832,0.9846898442246261
339,0,4000,0.8423518064266433,-0.35470445594161015,-12.340055815689512,0.9438403783308034
344,0,4000,0.21378695649561064,-0.10034291259295203,0.3946288044192032,0.9697525809736436
349,0,4000,0.9017442308423314,0.8228751407812802,0.8115646057267283,0.9716417036286786
355,0,4000,0.7950635246444866,0.37792576062790817,0.9625210797486121,0.9580132197240896
360,0,4000,0.9578763685014859,0.928895566200732,0.8638119420195398,0.9313333483355982
367,0,4000,0.49608337526929236,0.8644846248858776,0.8122154227024329,0.9759892492898629
372,0,4000,0.8931548230518697,0.9126729366733839,0.8871686237616109,0.8949757167022987
377,0,4000,0.9009888922616669,0.9396522345656169,0.9136768394266306,0.9513532680114306
382,0,4000,0.9366898735770031,0.6763840651554689,0.8230452581941599,0.8966042003087416
387,0,4000,0.9539954895900147,0.776232182046695,0.8700930353348351,0.9406037049972598
393,0,4000,0.9167527094178756,0.9205129236036084,0.9699892591361903,0.9573779529820295
399,0,4000,0.9454888965609882,0.9583947744870854,0.9168367101073122,0.9628170077386382
405,0,4000,0.4734251466503032,0.1374004620280983,0.7743169367341629,0.8592696226782106
410,0,4000,0.15834044376230183,-0.5464251741748454,0.5816654787248847,0.9705126354203493
415,0,4000,0.9192710175072106,0.07755223186928317,0.7691192428242746,0.904292733795317
420,0,4000,-1.0121000016080592,-0.3727471887021734,-3.543072364337906,0.8875122636174977
425,0,4000,0.921931825082045,-1.8633510952709513,-2.979428495159705,0.968691496617208
430,0,4000,-1.5107150187699476,0.9074594151280251,0.3323316551298323,0.9729154036582129
435,0,4000,-0.16157044755306327,-43.61705745211332,-9.783309332510136,0.9542177993660166
440,0,4000,-0.9536475840323411,-32.27104673644306,-207.8582785392732,0.9510095050287398
445,0,4000,0.2015021985487836,0.8114498993319472,0.895635584460382,0.9364318575262235
450,0,4000,0.7278679012325941,-0.048660609102041175,0.5926147560118783,0.9583434893026647
455,0,4000,-2.812308185885483,0.5578004727437524,0.6379817328364492,0.9089027711682968
460,0,4000,0.6300957809590693,0.4810820526800106,0.42711653119612913,0.9668052259741411
465,0,4000,0.47661098372266597,-0.6619833549993948,-0.4080530418936763,0.8753205299852859
470,0,4000,0.9769735393563628,0.8774711348872241,0.9180853706061971,0.9725879767523351
475,0,4000,0.6642767356996689,-0.2317130949756112,0.5818133474984404,0.9434156279867189
481,0,4000,0.9114745353855285,0.9705833399333981,0.9844450491566598,0.9299183870104977
486,0,4000,0.6411118578026683,-9.350310037786397,-17.26597193522719,0.7857833263320754
491,0,4000,0.5259648420301191,0.9457478864243047,0.9823244342408588,0.9056454051187678
497,0,4000,0.7594291923064718,0.819397044145516,0.8672077609145282,0.834133013006448
502,0,4000,0.6765111834423568,-0.10983633143552707,0.2873042281442443,0.8811156073289397
510,0,4000,0.9732490993641699,0.9814332899917151,0.9221769213727626,0.8710477439450783
515,0,4000,0.45253436934453994,0.8661972113107228,0.8421248060804913,0.9403078478373703
520,0,4000,0.9089781784025931,0.9389426607591176,0.9545982542201398,0.9486817053229925
525,0,4000,0.935776063392555,0.8897785799825326,0.9533235441523837,0.9421843985244835
530,0,4000,0.9380719366517769,0.8640396968467355,0.9163696527788482,0.8987775832413252
535,0,4000,0.08295014916247268,0.41055825768621024,-0.2574691809489358,0.9656957521865519
540,0,4000,-57.99194864642454,-2.1509147171831264,0.059926491776693624,0.8550587464964826
545,0,4000,0.9114881590901056,0.9096712317982798,0.8349827595692677,0.8792126998075677
551,0,4000,0.7149628358577792,0.38403453165229484,-0.5863269746779396,0.6940327814528806
3,1,4000,-5.285214571617015,-29.713303879515898,-46.740378206082504,0.939864103855883
8,1,4000,0.9284854094916059,0.6122616934308988,0.8514943419364036,0.9519103293334827
13,1,4000,0.9335595175938588,0.13963811751084598,0.3397224725555201,0.973397155449242
18,1,4000,0.8912086313133145,0.9064893846827032,0.9297805015394709,0.9389345282186345
23,1,4000,0.9534793337437142,0.8385417936824637,0.7509572554432951,0.9695021920398816
28,1,4000,0.9122447230302816,0.6995500237520567,0.9329931121265191,0.940924037552366
33,1,4000,0.9664728458686429,0.8530987102186491,0.8930438188978048,0.9187700691475044
38,1,4000,0.8520474392708327,0.6576457030111117,0.5710423396467387,0.9755867349608008
43,1,4000,0.7425280454923067,0.925623633093591,0.8748200499148867,0.9168265510000405
48,1,4000,-38.73664928540122,-5.131680154179214,0.6985300240374009,0.9347813844010738
53,1,4000,0.5008236965699275,0.0877708300612493,-0.7603859402907687,0.8781658850934788
58,1,4000,0.5774647022759363,0.3613053762448245,0.4163645492242284,0.7856580349287876
63,1,4000,0.9511186446860689,0.9634713688161485,0.852175836598865,0.9362776503779303
68,1,4000,0.9595138033519921,0.9230226669443873,0.8734223590423202,0.9663710694168014
73,1,4000,0.9659585291010757,0.9751707151117578,0.7769579490920564,0.8946791414754431
78,1,4000,0.9648446523199439,0.2585822040260146,0.34252841852706606,0.9621048729477154
83,1,4000,0.8890936384754683,0.90813864770064,0.780967421393202,0.9327585208382817
88,1,4000,0.9199611931662801,0.9139989164259726,0.9384599982526811,0.9392740750143816
93,1,4000,0.8630530732089051,0.8405591937189307,0.8315493257075068,0.9337760731126221
98,1,4000,0.9069552886958439,0.9598716047611807,0.7195520465980197,0.829053828771672
103,1,4000,0.1511647189505264,0.9096610980767816,0.8149510939660121,0.9366726585957573
108,1,4000,0.6310687542595262,0.6960555946183713,0.7610255894526148,0.9812295126343105
113,1,4000,0.46821012732662537,-4.860894380292338,0.5355036602834946,0.8848982463810201
118,1,4000,0.9654919965964152,0.9058533174384222,0.8977798091408037,0.9364656647100551
124,1,4000,0.9657835713585006,0.8214355797614387,-0.5990621524049791,0.9188419596148364
129,1,4000,0.7695953006156964,0.8402281226349791,0.8721804230407582,0.9262452539398023
134,1,4000,0.9793719615493429,0.888934616109544,0.9600454136003991,0.9516040273645858
140,1,4000,0.03981527813080343,-1.0590893789064317,-52.8681803957957,0.7030134291236834
145,1,4000,0.9728991680184247,0.806272733002463,0.9195381510581474,0.944365774887331
150,1,4000,0.9395124619108685,-5.29083202816879,0.8811986532606811,0.9768087895332467
155,1,4000,0.7835110001980203,0.8678745021136015,0.7216512495959302,0.7967312951886095
161,1,4000,0.7249071047225544,-1.4426358103327597,0.5976145819625717,0.9698981074238371
166,1,4000,0.8858271835264048,0.8220471984877921,0.9130243704894406,0.8201339557861056
172,1,4000,-5.411486734296977,-3.47461702678373,-12.497241614413836,0.8776541369533857
177,1,4000,0.7772338735360413,0.8073231914214016,0.8117677700269061,0.7825352324385044
182,1,4000,-0.17454912415688884,0.6860096871745525,0.37830657652052835,0.9535730919896835
187,1,4000,0.8729612378335063,0.9207104538089635,0.7857157158675436,0.94117984999068
192,1,4000,0.8245041683787773,0.927205896406764,0.8502291803668285,0.9757761717538861
198,1,4000,0.8554582597087517,0.8912686534602984,0.6029926647837562,0.9451718747429692
203,1,4000,0.9165696803879878,0.9517263836397358,0.8939643270294584,0.9547250477262424
209,1,4000,0.7283288257444067,0.8594666098589783,0.7273314536014528,0.811017224699966
214,1,4000,0.6894014177149513,0.7105608977187615,0.004399535440381186,0.9238959119866786
219,1,4000,-3.5536671476238366,-25.077007567719505,-388.67811118303365,0.9602704854161503
224,1,4000,0.6913999770102928,0.7313567184177685,0.5404853419271808,0.9716226098040781
229,1,4000,0.7051018388274399,-4.2795135513176445,-0.1753411085676555,0.9452573342403456
235,1,4000,0.9204359572225878,0.6493647850968842,0.7747371215968,0.9695119566949565
240,1,4000,-0.5106479175359524,-11.047204914236035,-4.844962744499083,0.9349788882023119
245,1,4000,0.8223647614359118,-1.8238790907331328,0.3497918727794742,0.9773484699709322
250,1,4000,0.9299005107882896,0.8595856561574973,0.6253911321312906,0.8770324485554547
256,1,4000,0.9491888951801476,0.7675030648050899,0.8815259672947662,0.9390748867155845
262,1,4000,0.1814270777058289,0.5215633127777184,0.9066705192735953,0.921991343651399
267,1,4000,0.5343460239931633,0.6263951961212052,0.7748028973916723,0.9604789721832242
272,1,4000,0.8540352339526748,0.785583314707207,0.5149714059302521,0.9791573348693784
277,1,4000,0.16256821963202694,0.37636494243944174,0.1139528328212358,0.658824218025899
282,1,4000,0.9551769482643759,0.9366589323903376,0.8287013580238212,0.9741483251164565
287,1,4000,0.8826951073875575,0.5628402542456671,0.2686669859614683,0.843083873675541
292,1,4000,0.758423627895289,0.9600991421630277,0.9053427133042485,0.9432993002556418
297,1,4000,0.922528020062075,0.9093349286935285,0.8329868763239122,0.9139385661472568
302,1,4000,0.9006110696869186,0.9027288168672278,0.9406728603385044,0.9464485410925888
307,1,4000,-13.400196362061795,-279.5139212057615,-24.77708825067679,0.8749786424267315
313,1,4000,0.9190409299410018,0.9686385289323814,0.938855870322592,0.9340216255788182
318,1,4000,0.4274125752457001,0.830218340968825,0.7206107089271396,0.872904597178155
323,1,4000,0.9409556766926919,0.9135109511484614,0.9377446454140256,0.9314456517212147
328,1,4000,0.5676333962439047,-0.9370084277804149,0.6367076123394072,0.8079196810757847
333,1,4000,0.8715147340879048,0.8791496465654635,0.9666641945399506,0.9442768882015484
338,1,4000,0.6615059799078196,0.707990235377143,0.8318303007631987,0.7080805194239501
343,1,4000,0.8988637499616124,0.8140318006258114,-5.456686276946846,0.8543134236252364
348,1,4000,0.8690184561687901,0.6150947130306816,0.7048277644983157,0.9686326661849382
354,1,4000,0.9062005817835069,0.9309700330073178,0.9361357110418816,0.939318501414955
359,1,4000,-0.19241974771029424,-3.6323150537935103,-2.9332069716152054,0.8946998425455962
366,1,4000,0.9340621656620158,0.9082689225549924,0.8689430149128882,0.8088390009167368
371,1,4000,0.8329740912858979,0.6610628036286674,0.8078008841695046,0.8809426891595944
376,1,4000,0.8140761575075255,-1.4500957005384252,-1.3694640783134524,0.8260910463876341
381,1,4000,0.8799709588574234,0.8993875126715271,0.778748245031159,0.9569266593316355
386,1,4000,0.7516858921790143,0.9526334687468472,0.961257592716476,0.9068465136959516
392,1,4000,0.4976742986924828,0.9773700820940348,0.7834023588507123,0.8353955541286322
397,1,4000,-0.3757646799998402,-33.46134177762689,-32.58709011124066,0.9489613611705905
404,1,4000,0.8432808103030023,0.7901177677251413,0.845589316120495,0.9654762102081178
409,1,4000,0.7306542437922344,0.876516810446837,0.9601000462902398,0.9399431032698601
414,1,4000,0.47646824569994195,-27.77926201038471,-0.7531811888082607,0.9747457063141642
419,1,4000,0.7959318668407294,0.5995026537700865,0.6909619308369895,0.8373670588129798
424,1,4000,0.9283078347793845,0.4125679789452622,0.7892331196854361,0.9466574863362504
429,1,4000,0.9421709248358261,0.7394493618993744,0.7677017842048699,0.9016143312353807
434,1,4000,-19.34544822870767,-11.6196703282326,-1.0586598272826064,0.821747289334346
439,1,4000,0.6694823270289216,0.8377991990033082,0.8897237998922242,0.8975928427096518
444,1,4000,0.034441842710610016,-20.013454018069645,0.5509295305911024,0.8335396953082346
449,1,4000,0.9584695700515355,0.9291334674489212,0.9518913371189072,0.9696348917331752
454,1,4000,-36.55005355819114,-181.27489243518315,-3.557586268457377,0.9419902366067404
459,1,4000,0.8057983015739505,-0.2988635530701813,0.5276332031015045,0.9728191069815818
464,1,4000,0.13074996563243713,0.6908840622587028,0.4865237595924474,0.9173399517248676
469,1,4000,0.5922127232820639,0.9200981322386247,0.5482612439883632,0.7905023175367174
474,1,4000,0.7013184240121226,0.8701002805290907,-0.47194794125694406,0.8619239207689208
480,1,4000,0.9070893866360442,0.8229241849505704,0.9332773694749519,0.8925957326923757
485,1,4000,0.8322212799133865,-0.12180639357787348,0.12931519016206072,0.9035361637343533
490,1,4000,-0.015205700238196673,-0.07580292314341874,-1.4474638188055065,0.9339111233314352
495,1,4000,0.8384946333362777,0.9438961766596189,0.7975166964488039,0.9549513949479881
501,1,4000,0.8797152875480151,-0.2527438479261921,0.6991242596702827,0.9803420151905154
509,1,4000,0.969162868604064,0.8760911890239133,0.9158861501774146,0.9565807094491091
514,1,4000,0.9103309657288307,0.6950441427258751,0.7551189493427786,0.9453433930077545
519,1,4000,0.07106631254781837,-10.484183879095088,0.1876665017184288,0.9230709862261088
524,1,4000,0.8925020694203539,0.7766425629709224,0.4209399230924459,0.8960970901261562
529,1,4000,0.614580792793451,0.9457839316566223,-2.2857564514697537,0.9486570294948237
534,1,4000,0.9150565920881805,0.9164045937684143,0.7544978427403488,0.8055197379199079
539,1,4000,0.9633804294915783,0.9610190913073173,0.9609153254386033,0.9314656381080422
544,1,4000,0.7244970313148291,-13.048456028337435,-42.59988029191121,0.9194009306271523
550,1,4000,0.3822621195166026,-0.6694845228764759,0.3033423812885997,0.9734843238852785
2,2,4000,-45.03529405260396,-16.892173585138732,-3.4051622147608613,0.7913826456446269
7,2,4000,0.9095416532783613,0.6512163236730921,0.8427696474974453,0.8884429863768726
12,2,4000,0.9895190757442569,0.9863275946145286,0.3622126151959759,0.8626036913325659
17,2,4000,0.9540495244426648,0.8950764685525182,0.8550271658017682,0.9710302279893364
22,2,4000,0.9566332710553712,0.9278340193328858,0.9598618575729216,0.9495482869397143
27,2,4000,-28.141638065312687,-45.07369072522689,-8.929067818223539,0.8232685850423259
32,2,4000,0.86193337571897,0.8189795284772035,0.9691650706374758,0.9240997219191759
37,2,4000,0.9066058460494515,0.8958254865969635,-0.16195300488071251,0.8398711095471445
42,2,4000,-6.848225174129759,-7.675398606400938,-10.680327017150788,0.9122871693898038
47,2,4000,0.9101686187331313,0.9328161813545975,0.9363737684856186,0.9595486429749828
52,2,4000,0.9490584221487719,0.7720752241606135,0.9100265896235167,0.9285153306166357
57,2,4000,0.33424802280849664,-0.43282391081815086,0.04103607107840779,0.6906292301217568
62,2,4000,0.7343392827406481,0.787057676533888,0.6956415200657389,0.7513963349720334
67,2,4000,-1.9668832244298051,0.08404997839202688,0.5921904897974835,0.9243688623827443
72,2,4000,0.9668740295909953,0.9470591708007464,0.7357019127042738,0.9342242239054624
77,2,4000,-70.02139873421503,-97.17047974745121,-624.1523005616808,0.6123667949275635
82,2,4000,0.9282807671108182,0.7631101254276864,0.9341318798111544,0.944128943512547
87,2,4000,0.9404723726566075,0.9734624786399895,0.9453045429611517,0.9616684994872805
92,2,4000,-2.0413440602823867,-17.564723323242948,-0.9883947801218882,0.9032702064365126
97,2,4000,0.7838008102612852,0.6916762574399345,0.8162319772017191,0.9673035066758852
102,2,4000,0.7489036765021201,-7.165401820652566,0.4364423027868608,0.8869952611171709
107,2,4000,0.7396337744405663,0.7447255159227881,0.7392290787286475,0.8572634861688945
112,2,4000,0.7486832799526718,0.7281728763442121,0.8478131568205496,0.7638859450469959
117,2,4000,0.9304740770303018,0.8989489660401381,0.9451281558185524,0.9240211371940004
123,2,4000,0.9501948138663715,0.9223243591429671,0.9782865382492758,0.8939813092769157
128,2,4000,0.9824986887672968,0.8972594809279806,0.725705358881072,0.7348569480383056
133,2,4000,0.9551744813936032,0.4475628851608451,0.868481081259004,0.9691428878602183
139,2,4000,0.9087506020672709,0.3193338576819127,0.8615174617689609,0.9348513931005048
144,2,4000,0.9286721802107157,0.8663991579212826,0.9482450248780647,0.9733332016676122
149,2,4000,0.7526701578244451,-0.8652271142812027,-1.16322492795705,0.9628684083064942
154,2,4000,-1.2829390286124278,-2.105968767930046,-0.9434777225229547,0.9315203619352027
160,2,4000,0.9867737068551079,0.9915272493347584,0.8287267013565883,0.7708977916528578
165,2,4000,0.8093511157398534,0.7325753362163796,0.6618910174541215,0.9510260313534388
171,2,4000,-1.237484597540857,-0.21171573512435127,-0.2788416682335346,0.8815828308902329
176,2,4000,-112.27358759067229,-5.215915609805273,-8.798910820280843,0.4828331404603453
181,2,4000,0.7118241665294469,-5.453371825878613,0.10105446672187535,0.93647221324122
186,2,4000,0.9361122276417596,0.9495096734008471,0.8941570323175463,0.9404477316458624
191,2,4000,0.26754785802344416,0.5364197112858704,0.18778911966061151,0.8718649032976368
197,2,4000,0.25776421427851715,-4.9799991484002355,-12.081634901788775,0.9717253690361849
202,2,4000,0.6251031603306407,-0.4257569529069807,0.7609383951415155,0.94882000314587
207,2,4000,0.6788205486998247,-0.3047651772825972,0.6453197775919659,0.8931775947681712
213,2,4000,0.9430894934608349,0.7776866772914297,0.7095891069115614,0.7705055486714508
218,2,4000,0.8973676873411687,0.9634589703882745,0.8634012362025099,0.8928214960469809
223,2,4000,0.9462874682127973,0.7179861229169278,0.9045931042279848,0.9299613929138546
228,2,4000,0.8946690222160347,-2.077846290847337,0.9315616811556986,0.8737006992094676
234,2,4000,0.7255433541808762,-1.4972637484498224,0.38364191352997956,0.9476219081158277
239,2,4000,0.8580725486603008,0.9050202162999285,0.6191871361691257,0.9489421185155661
244,2,4000,-5.055722995791685,-4.983503901681916,-3.518123564527026,0.9058747870357011
249,2,4000,0.7720986675515734,0.6078227443403488,0.45739625001281004,0.9764577426204748
255,2,4000,0.9372372685142433,0.6128067149731115,0.9067917395800142,0.6702186382859787
260,2,4000,0.8445295979665457,0.6076399646656707,0.902705603501032,0.8393619042465233
266,2,4000,0.786906088698829,0.7496164163244204,0.7602767766488099,0.8803995520993396
271,2,4000,0.8856762331169227,0.9498356056087542,0.7514098176143373,0.9469996183769929
276,2,4000,0.9505263923283607,-0.03447046834824463,0.7463651475193247,0.9432006539183523
281,2,4000,-1.7571612308073803,-6.4176405872520395,-1.674335086433472,0.9516656272121073
286,2,4000,0.7602993705645096,0.6534278668848092,0.7627635481670569,0.43474580106189264
291,2,4000,0.9313743842376565,0.878428015115949,0.9100054088983339,0.9753479403585901
296,2,4000,0.9260411311039515,0.5225246954566305,0.9493308981614539,0.9550781002188028
301,2,4000,0.9686503447633663,0.9304925648532552,0.9479806707402104,0.939017009767858
306,2,4000,0.7754943328266248,-12.979648255406468,-49.99391645523328,0.8756041265293111
312,2,4000,-174.51060200841732,-33.01021150925628,-3.298624591595627,0.9127142354460611
317,2,4000,-2.369777698787359,0.27079844689317845,0.1732611852235546,0.9054656321033387
322,2,4000,0.86296527042989,-1.8712515039778226,0.5707218717104792,0.9437064239829746
327,2,4000,0.9324011615632596,0.8643297303290565,0.9575428049861193,0.9468637368525212
332,2,4000,0.758579270990527,0.6851943049304057,0.2867643425283226,0.8771445281725001
337,2,4000,0.9751513571064482,0.9864026990625729,0.983194129030166,0.7836698769257964
342,2,4000,-1.2868590964630737,-123.76765620473194,-92.27326245846446,0.9163658026799296
347,2,4000,0.9295911424195576,-1.2041949626280766,-1.6091876567723382,0.9575912619184075
352,2,4000,0.929192037023956,0.6731656605582982,0.8508184159241278,0.9182843820985767
358,2,4000,0.8456551963298873,0.6981818341743471,0.8181129606991708,0.9312101547728632
365,2,4000,0.9333727787745839,0.7748969474962104,0.855458795844273,0.9230224363538396
370,2,4000,0.8725784341574512,0.9583678832791833,0.9134621208114264,0.9561129763304232
375,2,4000,-53.429100767851786,-27.75579215889121,-0.9738378851795191,0.8069704647128146
380,2,4000,0.7108043588172832,0.23415575450797932,0.8366715121669526,0.9820678050863271
385,2,4000,0.9377735579146117,0.9260988135527141,0.868911963968092,0.9663406629762067
390,2,4000,0.950176176953866,0.7334185391090481,0.8892158375855984,0.9247101031915169
396,2,4000,0.9442604358488481,0.8447090414568892,0.9555988224146162,0.9401054104903019
402,2,4000,0.9300343063572554,0.5158028948685278,0.719791674956463,0.944570898747475
408,2,4000,0.9351158545928179,0.8723489228518368,0.874182018159246,0.9330554016665643
413,2,4000,0.9360263461240873,0.8813477895543592,0.8306020833055585,0.930949731855957
418,2,4000,-0.20918418234047098,-1.214899542930191,-1.07562442586365,0.940385156271442
423,2,4000,0.7630957339283028,0.9722852758954492,0.9506193701064753,0.9130947809505596
428,2,4000,0.8945324507184728,0.5674890036145775,0.6087891918214557,0.9575933015144323
433,2,4000,0.941689547205983,0.7804492075418186,0.7330826000102064,0.9597293734208234
438,2,4000,0.7049431891307403,0.8821225239861354,0.7785335775089025,0.9430606633630324
443,2,4000,0.8466827595072272,0.8739138811914497,0.8972308086232433,0.9361939648321009
448,2,4000,0.2416526568384737,-0.06319140345565266,0.3858276924040176,0.9493063325082206
453,2,4000,0.9710561049463056,0.9374154106132712,0.971960672411948,0.9670810190156874
458,2,4000,0.7391863404440977,-14.310883895638629,-3.9856250775709947,0.9677878961914701
463,2,4000,0.906123015762446,0.9312567009190644,0.9279460722156196,0.9248430280347737
468,2,4000,0.823435207279779,-0.09265153117498337,0.459211850512271,0.9122693571307479
473,2,4000,0.6093676194214168,0.34218246801038255,-0.17050878806572545,0.9465031878810064
478,2,4000,-1.3858135587883607,-1.7791041819748523,-3.1311241269700183,0.9497811942414665
484,2,4000,-19.96874672606104,-62.00759565173076,-154.8770958264431,0.7217460494678567
489,2,4000,0.6223998171009312,0.9263498241278949,0.45502534817972196,0.8246378628997129
494,2,4000,0.9073880547643972,-24.356913250382313,-27.560394256624072,0.8270995522737284
500,2,4000,0.5155081740971736,-0.32270899657008223,0.605013437175085,0.9724471003473305
508,2,4000,0.9267133929473856,0.8327948643600966,0.8428162314927118,0.9634020614234678
513,2,4000,0.5895211797108691,0.8954967396302894,0.8923604812118938,0.956245984638401
518,2,4000,0.6083962227956732,-3.915958937670153,-10.583769604305534,0.8774896058479644
523,2,4000,0.5682521722600625,0.2202965371858071,0.7988887085662687,0.9227178681700992
528,2,4000,0.9583163528874268,0.5658625982484013,0.7602763921428621,0.964037624600599
533,2,4000,0.9448488030863788,0.9427404504309272,0.9379679470830367,0.9269044861112403
538,2,4000,0.4929666698198967,-0.43946985587805965,-2.2363178617595234,0.8797853307684317
543,2,4000,0.702570577721537,0.8259433692337868,0.7396118300608019,0.8796050558126096
549,2,4000,0.9086363236960626,0.6769739906916812,0.8493369316671486,0.9554163275521077
1,3,4000,0.9119949957439993,0.8610678195841264,0.870921053258551,0.9310832684219927
6,3,4000,-0.6098266194481883,-0.7383500104135667,-0.8778684202183229,0.9145484826840989
11,3,4000,0.6014582906982234,-3.251405516236124,0.6738877317788916,0.8936805217347414
16,3,4000,0.3537882826776786,-6.604986151292339,-0.4722461085527694,0.9335584403297125
21,3,4000,0.828514534984646,0.6604543251038213,0.8855881880102352,0.971244869137554
26,3,4000,0.8957353350900364,0.9104004497785956,0.9087618889197739,0.9469311152116201
31,3,4000,0.8914808906283376,0.5890225527302837,0.9151085312255853,0.9428059864541327
36,3,4000,0.7749827996691909,0.7749847527460202,0.873263374013814,0.9404104084985715
41,3,4000,0.9369411687930036,0.6542414519382032,0.9115653423658522,0.9313766211110474
46,3,4000,0.9809913455748294,0.9820219884787007,0.9550181812575084,0.9170722819598819
51,3,4000,-0.8134861746502153,-0.09738125840282352,-0.7104855944770971,0.8931591391542242
56,3,4000,0.7336004385753276,0.644152007014011,0.7805488715040436,0.8884808554932705
61,3,4000,0.6589135671471822,0.8969755397799404,0.8565303305375725,0.9672719160666091
66,3,4000,0.7830061292294166,-4.621856209169131,0.6037698686400123,0.9491741195561021
71,3,4000,0.7557317716384904,0.41519445857428905,0.6971764035310124,0.752002530373551
76,3,4000,0.9395748925470768,0.922435429725277,0.8747596908884102,0.9593170843500114
81,3,4000,-1.043131132925315,0.9509821345367035,0.9483797554391828,0.8145201425598245
86,3,4000,0.8063055829713606,-1.1031815508696599,0.07179512150495515,0.9587479458645166
91,3,4000,0.8728856285897482,0.3965971095240831,0.7331733974434811,0.9189547167544985
96,3,4000,0.979356189738546,0.9809092122392866,0.9851338164203536,0.7852018484351263
101,3,4000,-19.506407534652414,-6.657522065047843,-1.8944430267689834,0.8373666942258083
106,3,4000,0.664563482222964,0.06362469879200428,0.16124480414684117,0.9721454240486587
111,3,4000,0.2567335529681821,-0.7665632537251135,-0.09283594557402175,0.9345222046744815
116,3,4000,0.6027461227369021,-0.44706215497809354,0.023793766107813696,0.8910424061943121
122,3,4000,0.9892388045038243,0.98500781915727,0.8052411458966481,0.830051456512524
127,3,4000,0.8110101451457397,-0.0058981910410009775,0.030251788866395457,0.9620400269597582
132,3,4000,0.6932825859452773,-0.1156768726469044,0.04643737470389542,0.8234719997532856
138,3,4000,0.9632755332425406,0.573189759314545,0.646882849066748,0.9705277885113512
143,3,4000,-0.8717678504539068,-11.046858306850213,-2.4780792417690383,0.8659080468911263
148,3,4000,0.951267245625241,0.9898775524148108,0.9480724034223598,0.7981390672844884
153,3,4000,0.942460953465822,0.8975678760970389,0.8868318958309128,0.9174740603624235
159,3,4000,0.044958224448095496,-0.590891890043389,0.2526433468361666,0.9426850782564027
164,3,4000,0.9503474481436928,0.9734499374152137,0.9395091620028851,0.9415651807794501
170,3,4000,0.5861906870108082,-5.6396252131447255,-10.558775865312523,0.9521668489633373
175,3,4000,0.9411826738679456,-1.3394327529892998,0.8960537072392175,0.9305460187652913
180,3,4000,0.5159942456809721,0.5013815763523806,0.6363150714934666,0.8412314079106779
185,3,4000,0.9680536335919684,0.8106803695712832,0.8990320816568133,0.8946097457100849
190,3,4000,0.6911783645498675,0.8883908254323922,0.6780651341729296,0.9694461036615749
196,3,4000,0.643030854541004,0.7726100151582613,0.7758357616123859,0.9479422594321673
201,3,4000,-2.164761756760475,0.9182432691546439,0.8865041999980796,0.9614281140993596
206,3,4000,0.9631090588946225,0.7972711372417112,0.8119456187833038,0.8972507341235281
212,3,4000,0.9445973095803408,0.8892859905488997,0.8201187288737712,0.9083455900149037
217,3,4000,0.9355555601087758,0.9273863094035599,0.9454990208299213,0.9659108423329004
222,3,4000,0.5123788058442427,-0.14954978571347288,0.37212763275208927,0.9675825821038926
227,3,4000,0.9376684686987843,-4.292693253375344,0.9136697556481813,0.8367016500995637
233,3,4000,0.9217447919043239,0.9205578578646866,-2.95079231480195,0.7155939848700408
238,3,4000,-1.1071782618528592,-38.95732933810693,-47.98616715526894,0.8995139762597072
243,3,4000,0.9630642704595733,0.9734948935425939,0.9370562772217581,0.9645933068702812
248,3,4000,0.2430031918706569,0.011588429370455233,-17.286182154207772,0.894603484401242
253,3,4000,0.9597754936378109,0.904474363737732,0.9253960984764973,0.9637136246697713
259,3,4000,0.9477330211495311,-0.3221751850147383,0.7358309906498361,0.9730004799914415
265,3,4000,0.684502966654557,0.9576357057123994,0.9543204672273898,0.9531746310767081
270,3,4000,0.9611599949608275,-13.337523645228801,-19.073764254902354,0.9263698284497952
275,3,4000,0.5568184593617571,0.2200781227613372,0.5188460350082298,0.8656796211743689
280,3,4000,0.9595856082601265,0.989604644319245,0.9439967698016258,0.6553525504920571
285,3,4000,-86.38272231101405,-18.287848856196362,0.1363668525512438,0.8393105573064118
290,3,4000,0.21905142049260973,-12.580948990361621,-2.0598738483130705,0.9260641279316273
295,3,4000,0.9351449071070845,0.6173932266076676,0.5216565311439401,0.9257887704404052
300,3,4000,-15.949078876180959,-151.84952589860214,-92.1259464151187,0.9001945278830789
305,3,4000,0.7572674000887765,0.843676666349926,0.8999859476864935,0.9606112003368543
311,3,4000,-0.6885478735052037,0.7715708378344898,0.15639851046109632,0.9309141855996219
316,3,4000,0.9013964098877336,0.5738145018880905,0.7834867041713958,0.9260580129092152
321,3,4000,0.4212451799359914,0.27682574501875334,0.6078200335685642,0.8836413486653524
326,3,4000,0.7622368237591097,0.836511160776269,0.4426514052652646,0.9566585321182042
331,3,4000,0.9430186052322819,0.812768489222954,0.8588995462129497,0.804376558554189
336,3,4000,0.8217456894577029,0.9919916510264165,0.8222191623381527,0.9260934626729168
341,3,4000,0.9032005826961239,0.9863855740913604,0.9708638319966383,0.90286685776908
346,3,4000,0.7245246416410223,-0.4323626767332551,0.49730706734881847,0.9517022824587278
351,3,4000,0.9180632170282275,0.8528870839282927,0.9363768506293956,0.8830175213207796
357,3,4000,-0.07318932773451947,0.8645459412223466,0.034834987791552474,0.8115427768278558
364,3,4000,0.9645044401020082,0.8641928006499453,0.8980658630631032,0.935616080034432
369,3,4000,0.642557989341781,0.40298967420739695,0.6218829649327745,0.8377878983481077
374,3,4000,0.945913384994158,0.8440806415722957,0.8464347072233236,0.9736926364778817
379,3,4000,0.6377113925396725,0.7054077798957228,0.5963179469288674,0.8850000536933139
384,3,4000,0.9657209595142979,0.8850487080174061,0.8380778360013136,0.9136863905349407
389,3,4000,0.9516366932020048,0.9024517199886699,0.9133473999279678,0.9454090281985096
395,3,4000,0.9605023328564716,0.7618709140846823,0.9640188949194167,0.9566563853189528
401,3,4000,0.9278497425454469,0.7310697389380467,0.8692407026701621,0.9497896158062361
407,3,4000,0.7243902662857036,-0.17406653262025085,0.5850111875421156,0.9407464182892956
412,3,4000,0.9237914610909346,0.5163817491531868,0.8560875834251905,0.9488396712941696
417,3,4000,0.8222473186490544,-4.23347465397027,-0.669232730918184,0.8124384348072827
422,3,4000,0.956609163352418,-0.2975882313068172,-1.029909672014556,0.8795716264645516
427,3,4000,0.6732343303265209,0.4143944464081477,0.6362356283684341,0.781712706949429
432,3,4000,0.8637461126012147,0.9333186011678543,0.8813881256886953,0.9174581414126092
437,3,4000,0.9598472873543346,-0.22941467900142998,0.8422152872456746,0.9443515502479751
442,3,4000,0.6798050964456009,-14.986147936956202,0.42809882948678923,0.9567084772116718
447,3,4000,-1.3009039965849731,-264.14721510156227,-267.49243554224086,0.8543244327134494
452,3,4000,-0.31492352591299877,-2.480041739289359,-0.015557784559363741,0.907095338091545
457,3,4000,0.7746186782872104,0.18063492660256042,0.6055393119415513,0.9546055940542633
462,3,4000,0.928819604897357,0.9004119322389672,0.9136880149449085,0.9674512404613261
467,3,4000,0.8846295538363026,0.7418454877005819,-0.5328252658257895,0.9589539296689749
472,3,4000,-0.04180495930944983,0.4889661249125621,-1.5737701712346444,0.8926343402408206
477,3,4000,0.9216237671962094,0.7707567102001164,0.9515184633381175,0.9420459375273216
483,3,4000,0.9537183057136749,0.6287147283725842,0.9147237395690991,0.9305405969978646
488,3,4000,0.6158618506285332,0.9735918731782132,0.6815678704578645,0.8629914677111883
493,3,4000,-27.057530958641813,-163.57921706756383,-306.7943995654372,0.803255781125208
499,3,4000,0.6903634613055125,0.221749349108876,0.6749068740415838,0.9608804810278907
506,3,4000,-0.2623654332043037,0.7846516315389859,0.6698090572168678,0.9724684374783629
512,3,4000,0.7404730529389529,-9.413248889037282,-9.916115686857554,0.9253348564566309
517,3,4000,0.837475936201009,0.6273690544516439,0.7481293537618832,0.9599535541316607
522,3,4000,-1.4731425871022554,-6.008190957649736,-0.46719906178469417,0.9617619053490382
527,3,4000,0.6920637682106495,0.6629656404994666,0.6000704827391468,0.979141711702524
532,3,4000,0.9367235680623346,0.967089610930343,0.9192823844766991,0.9458470874501111
537,3,4000,0.7873878249478165,0.1099639376872954,0.07059042092636236,0.9232247105307145
542,3,4000,0.912365405470247,0.7508010662478114,0.850754414662923,0.9206989372037484
548,3,4000,0.7890252132544442,-45.95975157017973,-16.551176610533343,0.9062602361536664
0,4,4000,0.9541746215120814,0.9555477891114731,0.8488138963650282,0.95954258297157
5,4,4000,0.9613136397411663,0.8652276023932584,0.896378988282705,0.9511863249359892
10,4,4000,0.3552104394843645,0.8191615582651529,-7.662406058230044,0.8426434063240449
15,4,4000,0.43233991179222375,0.7377089964237805,0.8549680014273351,0.8523487214435101
20,4,4000,-3.2582591086029034,0.5856412170459326,-0.09092935186457929,0.9140658215172941
25,4,4000,0.9220790651735775,-0.9135834711170268,0.8324021032132851,0.9499532658414271
30,4,4000,0.9204096520238424,0.8421052871403967,0.8678316254847724,0.9419822603244261
35,4,4000,0.7464763198859501,-0.07532021369556041,0.8517752538596243,0.8978844100832137
40,4,4000,0.770630258642372,-0.5055150432685156,0.025473281847837814,0.9301071659233136
45,4,4000,-106.8878304924769,-89.76504844467573,-9.3548871389835,0.8323126613212969
50,4,4000,0.9624672763989868,0.9620447418911371,0.9673633241724048,0.9613035620477751
55,4,4000,-0.6912893716009194,-2.3881790623650265,0.10288077250430128,0.9408031890641192
60,4,4000,0.47786855322705424,-87.27072313274228,-105.66944899038006,0.9044003494372826
65,4,4000,-0.14173113881955057,-8.230552668879474,-8.671150456750354,0.9737741446500532
70,4,4000,0.9569544496743139,0.6449602968486616,0.8670875953259187,0.9494793717948865
75,4,4000,0.484194129476642,-0.1307383029536282,0.09302092251354388,0.942349973882207
80,4,4000,0.756953673795007,0.9355201576655621,-1.0469555568942925,0.8127382062266945
85,4,4000,0.8470409588193476,0.807665513003284,0.7620925394245603,0.793746885488236
90,4,4000,-1.9124436662331683,-19.113663702790998,-54.67462843956006,0.8353675417560245
95,4,4000,0.7647135848644305,0.8386467925914447,0.9429208743666098,0.817094308729491
100,4,4000,-217.40866292751858,-126.0655750178723,-187.77782835292066,0.6637080615017398
105,4,4000,0.09369961987193742,0.8199027828112553,0.9729089241655157,0.8537652802486486
110,4,4000,0.9014072614564276,-8.191287428548145,-2.948159841385006,0.8971003377910517
115,4,4000,0.6096108125762245,0.37312966630700584,0.7149307917988671,0.7746762543845993
120,4,4000,-5.6151273703280165,-28.946938516443833,-34.36774405987872,0.9219860908661007
126,4,4000,0.5755234643040377,0.5844568287886684,0.5832810984300264,0.6462007933180091
131,4,4000,0.9248264902408352,0.11527236311451783,0.8133334537098258,0.8970221894385472
137,4,4000,0.6935913005658985,0.8638472179238625,0.949549064567885,0.9813216888020787
142,4,4000,-0.1537759853050118,-78.31674420612892,0.3732489715559115,0.8189385890519609
147,4,4000,0.955558652359698,0.9747338010009952,0.9677929797300755,0.9460986156450751
152,4,4000,0.9295062188667458,0.7900725085604111,0.9185901897926302,0.9300629723177638
158,4,4000,0.9572961569051864,0.9213496102071731,-4.543862766462282,0.8456899009550883
163,4,4000,0.7498999314710072,0.3550599239134963,0.38289009839952837,0.7957536632190984
168,4,4000,0.9534131195682621,0.9855560237804386,-1.2706967164054221,0.8898148841567284
174,4,4000,-50.827187227610374,-76.92047384951965,-39.13081857920241,0.8912142625114796
179,4,4000,-1.8047004814522758,-9.881084570165996,-1.5922399112699153,0.9494805598482499
184,4,4000,0.9600025222906139,0.8836689062734779,0.7269255300657553,0.9381540865767484
189,4,4000,0.4035981842578239,0.16965930680018837,-0.005067687175031699,0.8700263710826367
195,4,4000,0.8034403909258601,0.9172788288198528,0.9541305497051742,0.9633205531891411
200,4,4000,0.6153957227001607,0.6153307234889621,0.8839257042593629,0.9393055879804906
205,4,4000,0.909007192433765,0.9188046173776094,0.8573035728945152,0.9326301907026127
211,4,4000,0.9600644811042046,0.7752803225309175,0.9272715661842319,0.9849770415514102
216,4,4000,0.8150751062751447,0.24454508736990133,0.6461991692838054,0.9743797164338702
221,4,4000,-0.4087342638095395,0.057779484964001204,-0.5968214944595001,0.9054086466284329
226,4,4000,0.9837837738634515,0.9944744560959998,0.8924555065398698,0.8242449323468527
232,4,4000,0.9368563292183413,0.7383951061694816,-6.682783549521038,0.7385786725282335
237,4,4000,0.3447546482267908,0.5437358959355293,0.9137920658993642,0.9813690546309872
242,4,4000,0.9007108237262006,0.880010717937124,0.837100155000157,0.9730358793382388
247,4,4000,-207.03828734810108,0.2227181318680207,-2.5301629084670534,0.9562891057495254
252,4,4000,0.667479035495562,0.9641401399917059,0.8931275969733001,0.8900126753194644
258,4,4000,0.9347438929832329,0.8542075614580236,0.7183961422477765,0.6691106423706557
264,4,4000,0.7615635306746854,0.8417714216914879,0.7513190852183399,0.9448777350011419
269,4,4000,0.24421852026080293,0.8100723305324269,0.27282624098015884,0.7836141462379165
274,4,4000,0.9573433151560735,0.9340736234630145,0.9522972890625924,0.8341157378576866
279,4,4000,-0.2096601545846506,-2.6466574775999994,-0.7364008728209237,0.9056461233112394
284,4,4000,-0.419434874146809,-1.4989974039248732,0.40013561274413256,0.9220210450018796
289,4,4000,0.9151514491291511,-0.1293581185275594,0.2405866669335256,0.9503597676660706
294,4,4000,0.41909636271695727,-1.8617886091312559,-0.09597844317592452,0.923668206373408
299,4,4000,0.8616256407231911,-0.2803298023885865,0.8499451509640437,0.8896355389758507
304,4,4000,0.9206167997926687,-4.923263606337682,-12.98537550376563,0.9735674225148785
310,4,4000,0.8815922616562648,0.9409221111083779,0.8652657692531999,0.9481664038854914
315,4,4000,0.9350553784642961,0.9480449711195092,0.9362825009205524,0.9366845783073935
320,4,4000,0.89357048291841,-1.7241084855800972,0.8613619125242793,0.9082903149538428
325,4,4000,0.9251465859993045,0.933878057689469,0.8829833901935841,0.9542379421453034
330,4,4000,0.9323408881342486,0.8167692399086193,0.9193113508441968,0.9265986784427814
335,4,4000,-4.488004557945979,-7.025719255437707,0.31217901735843545,0.8072641943768817
340,4,4000,-1.4111945218484525,-14.070996676523936,0.529455185577827,0.8946891061297665
345,4,4000,0.9391104517086258,0.9194070614200245,0.9022305833204992,0.926500144050645
350,4,4000,0.8349147970096985,0.7544145088239762,0.8825665555372125,0.9445835111297063
356,4,4000,0.9533208150914904,0.9318186713143173,0.9300199314176835,0.9597777433309351
363,4,4000,0.8315708875728964,0.3217692785464993,0.9374749680309252,0.957378832403587
368,4,4000,0.9564244248755116,0.9211331609935213,0.6177662361079426,0.9640469457021651
373,4,4000,0.9464619597733167,0.920033323581448,0.9239615064246836,0.9494900567255855
378,4,4000,0.18095812637347453,-55.86342975713527,-52.335577213598974,0.9667173753470316
383,4,4000,0.9380554030102868,0.9360651643304874,0.9544267175402114,0.9625331616332883
388,4,4000,-1.691023062696499,-30.992731915512316,-0.9525777905688617,0.8555216907008276
394,4,4000,0.6347489085824249,0.2639857104141835,0.33915904900768046,0.6961339836573022
400,4,4000,0.8397312379314548,-20.16567466760229,-13.38442456929764,0.8878168318444096
406,4,4000,0.2523899000394746,0.8054766800681952,0.9255452359129082,0.8505364236080631
411,4,4000,0.8039558819165687,-1.6072195447793467,-2.434759181914305,0.9027991434053997
416,4,4000,0.8617644969028027,-0.7755555578541051,0.8144513598122229,0.9331819463386691
421,4,4000,0.8351739575835033,0.5458046533703225,0.14399022073488443,0.911899166419093
426,4,4000,0.5019520840828691,-1.5855975276469039,0.1407188134787275,0.9551681282425261
431,4,4000,0.3461917633330379,0.7713029911277918,-2.1632617629828066,0.8761946557354604
436,4,4000,0.987100705737305,0.9948752569860493,0.9330734767373053,0.7577130402741346
441,4,4000,-0.4154931304230862,-8.565620864856003,0.34616856472313273,0.7733645277225237
446,4,4000,0.8593919406835879,0.6673284758383735,0.9136395902897746,0.8105179526970501
451,4,4000,0.9637760426080028,-32.392529661352434,-7.094789231948724,0.9506306025796082
456,4,4000,0.8909832230097311,0.9110903420192806,0.8722001817761649,0.8945949423155466
461,4,4000,0.5601530146113998,0.9229828597705947,0.9063943234697307,0.8036096580594612
466,4,4000,0.8778400507720284,0.9221177246667864,0.9404114446285403,0.9226879686649231
471,4,4000,0.6889954770883818,0.8662135279549796,0.7185178028061243,0.9071646751685957
476,4,4000,0.9669351265560637,0.6197926062895793,0.538452110644986,0.9409371123904039
482,4,4000,0.8243514725129528,0.8042674176172809,0.9194673383911702,0.965453511607345
487,4,4000,-1.3141889118885985,0.6388162073500367,0.7038678585452655,0.8325278527380839
492,4,4000,0.9507201672591337,-0.3417532872104956,0.46388673061774666,0.9252312171067805
498,4,4000,0.920840884444161,0.8168350285371653,0.7022065046889829,0.9413332503080855
504,4,4000,0.9570557799399919,0.9337779750058278,0.9115225173251233,0.9052037933857789
511,4,4000,0.8607183035595476,0.42029859583785323,0.5820219375049938,0.9806113459935734
516,4,4000,0.9559347189361206,0.8348296628073743,0.9381922750050995,0.9705226573673568
521,4,4000,0.928252243983465,0.7340913816760599,0.5875285326570173,0.9510952957269218
526,4,4000,0.9108255897206942,0.9073403444041952,-0.7142019747552262,0.9731172408112105
531,4,4000,0.3428543198222115,-0.3473078752318788,0.6294103869354775,0.9624947275807983
536,4,4000,0.956503866673001,-0.9606304900396356,0.8965516370877852,0.9419640380459599
541,4,4000,0.771190807042721,0.512636704646527,0.6208020609754425,0.9442831017380611
547,4,4000,0.9430697680711958,0.780821895920309,0.9506048644143025,0.9255500567156034
